source,target,timestamp,id,lang
Alainna,en1,2009-06-17 13:01:00,296949968,en
75.41.127.26,en1,2009-06-17 08:00:00,296918189,en
Rjanag,en1,2009-06-15 12:43:00,296531967,en
Wwbread,en1,2009-06-15 10:54:00,296519184,en
86.151.122.187,en1,2009-06-14 23:10:00,296439611,en
Needlenose,en1,2009-06-14 21:24:00,296422882,en
151.205.121.244,en1,2009-06-14 21:24:00,296422792,en
Malkin,en1,2009-06-14 16:09:00,296372360,en
92.22.58.37,en1,2009-06-14 14:16:00,296355625,en
75.165.51.90,en1,2009-06-13 20:01:00,296222111,en
68.77.127.94,en1,2009-06-12 20:32:00,296042622,en
208.48.240.133,en1,2009-06-12 20:03:00,296037929,en
208.48.240.133,en1,2009-06-12 20:00:00,296037498,en
Andrwsc,en1,2009-06-12 19:22:00,296030527,en
Ohms law,en1,2009-06-12 06:58:00,295931658,en
Ohms law,en1,2009-06-12 06:04:00,295925864,en
JTSchreiber,en1,2009-06-12 04:28:00,295916042,en
JTSchreiber,en1,2009-06-12 04:26:00,295915901,en
Mnh123,en1,2009-06-11 20:17:00,295845643,en
209.111.125.34,en1,2009-06-11 18:59:00,295832253,en
209.111.125.34,en1,2009-06-11 18:59:00,295832150,en
Kausill,en1,2009-06-11 14:47:00,295789630,en
Kausill,en1,2009-06-11 14:45:00,295789200,en
Olegwiki,en1,2009-06-11 10:43:00,295757653,en
Olegwiki,en1,2009-06-11 10:28:00,295756257,en
Olegwiki,en1,2009-06-11 10:19:00,295755258,en
202.40.139.164,en1,2009-06-11 06:22:00,295730043,en
75.165.127.152,en1,2009-06-11 05:38:00,295725207,en
JTSchreiber,en1,2009-06-11 05:03:00,295721199,en
JTSchreiber,en1,2009-06-11 05:00:00,295720831,en
JTSchreiber,en1,2009-06-11 04:52:00,295719984,en
Levineps,en1,2009-06-11 03:50:00,295713460,en
Doniago,en1,2009-06-11 03:16:00,295709281,en
207.216.195.44,en1,2009-06-11 03:14:00,295709053,en
207.216.195.44,en1,2009-06-11 02:59:00,295707199,en
207.216.195.44,en1,2009-06-11 02:53:00,295706459,en
Alainna,en1,2009-06-10 08:06:00,295539950,en
JTSchreiber,en1,2009-06-10 05:03:00,295521348,en
Zarel,en1,2009-06-10 03:39:00,295511226,en
150.101.188.128,en1,2009-06-10 03:34:00,295510682,en
150.101.188.128,en1,2009-06-10 03:26:00,295509605,en
Arx Fortis,en1,2009-06-10 03:25:00,295509500,en
Legobot II,en1,2009-06-10 03:11:00,295507587,en
Duke53,en1,2009-06-10 03:00:00,295505953,en
Malkin,en1,2009-06-09 20:31:00,295442883,en
206.57.41.114,Vignetting,2009-06-05 22:29:00,294669216,en
206.57.41.114,Vignetting,2009-06-05 22:29:00,294669179,en
206.57.41.114,Vignetting,2009-06-05 22:28:00,294669112,en
206.57.41.114,Vignetting,2009-06-05 22:28:00,294669038,en
206.57.41.114,Matte box,2009-06-05 22:23:00,294668135,en
Alainna,Talk:Wang Dan (dissident),2009-06-15 05:13:00,296489061,en
Alainna,User talk:Arilang1234,2009-06-13 01:27:00,296087240,en
Alainna,Wang Dan (dissident),2009-06-11 03:19:00,295709659,en
Alainna,Wang Dan (dissident),2009-06-11 03:17:00,295709411,en
Alainna,Wang Dan (dissident),2009-06-11 03:16:00,295709349,en
Alainna,Wang Dan (dissident),2009-06-11 02:42:00,295705121,en
75.41.127.26,Sino-Indian War,2009-06-16 03:33:00,296683104,en
75.41.127.26,Sino-Indian War,2009-06-16 03:26:00,296682276,en
Rjanag,User talk:190.92.8.180,2009-06-17 22:44:00,297045857,en
Rjanag,Benutzer:Schreiber/Chinese grammar,2009-06-09 21:57:00,107774384,de
Rjanag,Kilgour-Matas-Untersuchungsbericht,2009-06-08 23:17:00,166273236,de
Rjanag,Oh Shenandoah,2009-06-06 19:28:00,163750819,de
Rjanag,Benutzer:Schreiber/Chinese grammar,2009-05-27 23:43:00,107774381,de
Wwbread,Zhengyangmen,2009-06-15 10:59:00,296519677,en
Wwbread,Nothing to My Name,2009-06-15 10:40:00,296517830,en
Wwbread,Unit 731,2009-06-12 08:44:00,295941453,en
Wwbread,Northeast China,2009-06-12 08:36:00,295940634,en
Wwbread,Black Sun,2009-06-12 08:33:00,295940353,en
Wwbread,Black Sun: The Nanking Massacre,2009-06-12 08:27:00,295939903,en
Wwbread,Men Behind the Sun,2009-06-12 08:26:00,295939785,en
Wwbread,北京語,2009-05-30 08:03:00,26151817,ja
Wwbread,朝鮮民主主義人民共和國人體實驗,2009-06-15 11:06:00,10325717,zh
Wwbread,一无所有 (歌曲),2009-06-15 10:37:00,10325476,zh
Wwbread,新长征路上的摇滚,2009-06-15 10:34:00,10325456,zh
Wwbread,一无所有 (歌曲),2009-06-15 10:31:00,10325416,zh
Wwbread,中国摇滚乐,2009-06-15 10:06:00,10325265,zh
Wwbread,人体试验,2009-06-12 09:23:00,10297441,zh
Wwbread,人体试验,2009-06-12 09:15:00,10297384,zh
Wwbread,Talk:人体试验,2009-06-12 09:13:00,10297355,zh
Wwbread,朝鮮民主主義人民共和國人體實驗,2009-06-12 09:10:00,10297341,zh
Needlenose,User:Needlenose,2009-06-17 21:28:00,297033637,en
Needlenose,User:Needlenose,2009-06-17 21:28:00,297033608,en
Needlenose,Template:Beastie Boys,2009-06-17 21:23:00,297032633,en
Needlenose,Beastie Boys,2009-06-17 21:05:00,297029371,en
Needlenose,Wikipedia:Huggle/Whitelist,2009-06-16 01:55:00,296669591,en
Needlenose,User:Needlenose/huggle.css,2009-06-16 01:55:00,296669579,en
Needlenose,User talk:201.230.217.78,2009-06-16 01:54:00,296669476,en
Needlenose,Amazon river dolphin,2009-06-16 01:54:00,296669473,en
Needlenose,User talk:173.49.76.168,2009-06-16 01:52:00,296669222,en
Needlenose,Jorma Taccone,2009-06-16 01:52:00,296669216,en
Malkin,Talk:1989 Tiananmen Square protests,2009-06-12 01:39:00,295896663,en
Malkin,Talk:1989 Tiananmen Square protests,2009-06-12 01:38:00,295896517,en
Malkin,Wikipedia:Articles for deletion/THINGS (1989),2009-06-07 00:51:00,294885110,en
Malkin,en1,2009-06-06 13:02:00,294774918,en
Malkin,en1,2009-06-05 12:41:00,294566177,en
Malkin,Wikipedia:Articles for deletion/Genevieve Hannon,2009-06-03 14:37:00,294178859,en
Malkin,Abney Park (band),2009-06-03 13:55:00,294171725,en
Malkin,Talk:Burn Gorman,2009-05-28 02:28:00,292802048,en
208.48.240.133,RegisterFly,2009-06-10 21:30:00,295659786,en
Andrwsc,Wikipedia talk:Inline templates linking country articles,2009-06-16 00:11:00,296654281,en
Andrwsc,2009 North Korean nuclear test,2009-06-14 19:49:00,296406552,en
Andrwsc,Hong Kong at the Olympics,2009-06-12 22:50:00,296064679,en
Andrwsc,1960 ABC Championship,2009-06-12 22:45:00,296063977,en
Andrwsc,Abbot of Shaolin,2009-06-12 22:45:00,296063942,en
Andrwsc,A Time for Love (film),2009-06-12 22:44:00,296063902,en
Andrwsc,A Taste of Cold Steel,2009-06-12 22:44:00,296063868,en
Andrwsc,A Place to Call Home (1970 film),2009-06-12 22:43:00,296063736,en
Andrwsc,A Moment of Romance,2009-06-12 22:43:00,296063643,en
Andrwsc,A Kid from Tibet,2009-06-12 22:42:00,296063549,en
Andrwsc,Benutzer:Duschgeldrache2/List of Formula One Grands Prix,2009-06-11 18:28:00,115847693,de
Andrwsc,Benutzer:Duschgeldrache2/List of Formula One Grands Prix,2009-06-11 18:28:00,115847692,de
Andrwsc,Benutzer:Duschgeldrache2/List of Formula One Grands Prix,2009-06-11 18:28:00,115847691,de
Andrwsc,Benutzer:Duschgeldrache2/List of Formula One Grands Prix,2009-06-11 18:28:00,115847690,de
Andrwsc,Belagerung von Turin (1640),2009-06-07 06:44:00,153946912,de
Andrwsc,Seeschlacht in der Bucht von Quiberon,2009-06-06 22:51:00,68470564,de
Andrwsc,Belagerung von Valenciennes,2009-06-06 01:27:00,180015996,de
Andrwsc,Belagerung von Lille (1708),2009-06-06 01:19:00,89403943,de
Andrwsc,Belagerung von Cuneo,2009-06-06 01:13:00,138150538,de
Andrwsc,Seeschlachten von Barfleur und La Hougue,2009-06-05 23:37:00,74890899,de
Ohms law,User talk:Ohms law,2009-06-17 23:51:00,297056390,en
Ohms law,User talk:Ohms law,2009-06-17 23:51:00,297056355,en
JTSchreiber,Bill Cosby,2009-06-17 05:11:00,296899848,en
JTSchreiber,User talk:75.169.107.251,2009-06-16 04:49:00,296692324,en
JTSchreiber,User talk:Theoneandonlyafghanlion,2009-06-15 04:37:00,296484940,en
JTSchreiber,The Mary Tyler Moore Show,2009-06-14 04:44:00,296296907,en
JTSchreiber,Carbon tax,2009-06-14 04:23:00,296294583,en
JTSchreiber,Fibromyalgia,2009-06-11 05:23:00,295723507,en
JTSchreiber,Fibromyalgia,2009-06-11 05:15:00,295722588,en
JTSchreiber,User talk:216.185.233.102,2009-06-11 05:10:00,295721973,en
Mnh123,Swedish Customs Service,2009-06-16 15:28:00,296772061,en
Mnh123,Australian Customs and Border Protection Service,2009-06-16 15:27:00,296771994,en
Mnh123,Canada Border Services Agency,2009-06-16 15:27:00,296771921,en
Mnh123,U.S. Customs and Border Protection,2009-06-16 15:26:00,296771840,en
Mnh123,Customs,2009-06-16 15:26:00,296771743,en
Mnh123,Kalitta Air,2009-06-16 14:54:00,296766158,en
Mnh123,Kultaranta VIII,2009-06-14 15:17:00,296363903,en
Mnh123,Air transports of heads of state and government,2009-06-13 22:36:00,296247061,en
Mnh123,Royal yacht,2009-06-13 19:26:00,296216978,en
Mnh123,Royal yacht,2009-06-13 19:24:00,296216792,en
Kausill,User talk:Kausill/zxl345,2009-06-15 13:28:00,296538198,en
Kausill,User:Kausill/zxl345,2009-06-15 13:27:00,296537937,en
Kausill,Wikipedia:Sandbox,2009-06-15 13:20:00,296537071,en
Kausill,Rhys Darby,2009-06-10 10:32:00,295554743,en
Kausill,Rhys Darby,2009-06-10 10:31:00,295554630,en
Kausill,Rhys Darby,2009-06-10 10:30:00,295554581,en
Kausill,User:Palladmial/The Wikipedia Picture Book,2009-06-06 15:23:00,294794167,en
Olegwiki,2009 Iranian presidential election protests,2009-06-17 16:08:00,296977162,en
Olegwiki,Trade war,2009-06-17 15:52:00,296974771,en
Olegwiki,Haiti,2009-06-17 10:10:00,296930845,en
Olegwiki,Haiti,2009-06-17 10:10:00,296930777,en
Olegwiki,United States occupation of Haiti,2009-06-17 10:07:00,296930577,en
Olegwiki,United States occupation of Haiti,2009-06-17 10:06:00,296930440,en
Olegwiki,United States occupation of Haiti,2009-06-17 10:04:00,296930265,en
Olegwiki,History of Haiti,2009-06-17 10:00:00,296929945,en
Olegwiki,United States occupation of Haiti,2009-06-17 09:58:00,296929740,en
Olegwiki,Сталинские репрессии,2009-06-16 16:09:00,16457131,ru
Olegwiki,"Поливанов, Евгений Дмитриевич",2009-06-16 15:56:00,16456764,ru
202.40.139.164,2009 Iranian presidential election,2009-06-16 06:05:00,296700399,en
202.40.139.164,2009 Iranian presidential election,2009-06-15 06:25:00,296496522,en
202.40.139.164,2009 Iranian presidential election,2009-06-15 06:24:00,296496359,en
202.40.139.164,2009 Iranian presidential election,2009-06-13 13:03:00,296160785,en
202.40.139.164,User talk:APK,2009-06-11 17:58:00,295821460,en
202.40.139.164,User talk:APK,2009-06-11 17:54:00,295820810,en
202.40.139.164,User talk:APK,2009-06-11 17:42:00,295818781,en
202.40.139.164,User talk:APK,2009-06-11 17:03:00,295812378,en
202.40.139.164,United States Holocaust Memorial Museum shooting,2009-06-11 16:58:00,295811547,en
202.40.139.164,United States Holocaust Memorial Museum shooting,2009-06-11 16:27:00,295806392,en
202.40.139.164,温州市,2009-05-26 09:17:00,10153249,zh
202.40.139.164,温州市,2009-05-26 09:01:00,10153076,zh
202.40.139.164,瑞安话,2009-05-25 09:08:00,10145198,zh
202.40.139.164,陳偉業,2009-05-24 14:40:00,10139107,zh
75.165.127.152,Internet censorship in China,2009-06-11 05:33:00,295724638,en
Levineps,John Ensign,2009-06-17 15:11:00,296968232,en
Levineps,User talk:Levineps,2009-06-17 14:54:00,296965334,en
Levineps,Lincoln Boyhood National Memorial,2009-06-17 14:21:00,296960631,en
Levineps,Right-wing politics,2009-06-17 03:34:00,296889158,en
Levineps,Dominican Republic,2009-06-17 03:33:00,296888990,en
Levineps,Protests against Proposition 8 supporters,2009-06-17 03:30:00,296888622,en
Levineps,Black market,2009-06-17 03:18:00,296887196,en
Levineps,Payne Stewart,2009-06-17 02:31:00,296881214,en
Levineps,Houston Astros,2009-06-16 22:27:00,296844967,en
Doniago,Papst (Titel),2009-06-11 06:00:00,143502608,de
Doniago,CKIS-FM,2009-06-06 02:27:00,110434192,de
Doniago,All for You (Lied),2009-06-01 02:34:00,90199336,de
Doniago,Kingdom Hearts (Computerspiel),2009-05-31 06:23:00,103030224,de
Doniago,Konversion (Judentum),2009-05-30 06:25:00,155863298,de
Doniago,I Get Lonely,2009-05-29 07:07:00,104485836,de
Doniago,That’s the Way Love Goes,2009-05-29 07:03:00,91268503,de
207.216.195.44,en1,2009-06-07 06:59:00,294930371,en
207.216.195.44,Pro Wrestling Illustrated,2009-06-02 16:33:00,293973676,en
Zarel,TI-BASIC,2009-06-17 08:26:00,296920686,en
Zarel,TI-BASIC,2009-06-17 08:14:00,296919544,en
Zarel,TI-BASIC,2009-06-17 08:09:00,296919055,en
Zarel,TI-BASIC,2009-06-17 08:06:00,296918740,en
Zarel,List of summer camps,2009-06-17 00:18:00,296862081,en
Zarel,Talk:The Game (mind game),2009-06-16 06:41:00,296703856,en
Zarel,Talk:Division by zero,2009-06-16 02:58:00,296678792,en
Zarel,Talk:Division by zero,2009-06-16 02:45:00,296676956,en
150.101.188.128,Keepsake (band),2009-06-10 03:37:00,295510982,en
Arx Fortis,Talk:Crest Mountain,2009-06-12 22:38:00,296062947,en
Arx Fortis,User:Arx Fortis,2009-06-12 22:34:00,296062318,en
Arx Fortis,Talk:Jacques,2009-06-12 22:25:00,296060966,en
Arx Fortis,Talk:Jacques,2009-06-12 19:40:00,296033931,en
Arx Fortis,Talk:Jacques,2009-06-12 18:58:00,296026188,en
Arx Fortis,Talk:Jacques,2009-06-12 13:36:00,295974773,en
Arx Fortis,Talk:Jacques,2009-06-12 01:22:00,295894125,en
Arx Fortis,Talk:Jacques,2009-06-12 01:22:00,295894060,en
Arx Fortis,Talk:Jacques,2009-06-11 03:29:00,295710840,en
Arx Fortis,Silene coronaria,2009-06-10 17:56:00,295619308,en
Legobot II,2009 Iranian presidential election,2009-06-15 17:40:00,296581959,en
Legobot II,Internet forum,2009-06-15 17:39:00,296581797,en
Legobot II,GNS Science,2009-06-15 17:39:00,296581757,en
Legobot II,Inertial reference unit,2009-06-15 17:39:00,296581721,en
Legobot II,Indonesia–Romania relations,2009-06-15 17:39:00,296581684,en
Legobot II,2004 Indonesian legislative election,2009-06-15 17:39:00,296581634,en
Legobot II,Indiana Jones and the Staff of Kings,2009-06-15 17:38:00,296581606,en
Legobot II,Ich werde hier sein im Sonnenschein und im Schatten,2009-06-15 17:38:00,296581515,en
Legobot II,I Put a Spell on You,2009-06-15 17:38:00,296581467,en
Legobot II,Hyria (Boeotia),2009-06-15 17:38:00,296581425,en
Legobot II,Comodo Group,2009-06-10 12:11:00,145498213,de
Legobot II,Sara Dylan,2009-06-10 07:18:00,62569406,de
Legobot II,Dienstgrade der serbischen Streitkräfte,2009-06-10 06:46:00,78674260,de
Legobot II,Hydraulophon,2009-06-10 03:12:00,126713495,de
Legobot II,Data-URL,2009-06-09 06:42:00,68205942,de
Legobot II,Maniac Mansion (Fernsehserie),2009-06-09 04:00:00,88885316,de
Legobot II,Buckfast Tonic Wine,2009-06-09 03:59:00,150904105,de
Legobot II,Benutzer:JonskiC/Scheinbar unverbundene Regressionsgleichungen,2009-06-09 03:34:00,164624425,de
Legobot II,Europa zuerst,2009-06-09 03:08:00,180109646,de
Legobot II,Lewis & Clark College,2009-06-09 02:32:00,166198296,de
Duke53,E Street Band,2009-06-17 14:55:00,296965604,en
Duke53,Martha Beck,2009-06-11 13:32:00,295777982,en
Duke53,User talk:192.231.232.180,2009-06-10 01:11:00,295490241,en
Duke53,Talk:Betty Little,2009-06-09 17:27:00,295409290,en
Duke53,Talk:Betty Little,2009-06-09 12:17:00,295359519,en
Duke53,Betty Little,2009-06-09 12:13:00,295359089,en
Duke53,Betty Little,2009-06-09 12:12:00,295359006,en
Duke53,Betty Little,2009-06-09 12:11:00,295358896,en
Duke53,Gator Growl,2009-06-07 19:30:00,295028907,en
RMCD bot,en2,2019-06-16 01:34:00,902031437,en
Havsjö,en2,2019-06-15 07:50:00,901926523,en
Mebden,en2,2019-06-12 01:08:00,901460662,en
Lingzhi2,en2,2019-06-08 09:37:00,900897445,en
Citobun,en2,2019-06-08 03:34:00,900868863,en
Colipon,en2,2019-06-08 02:36:00,900863814,en
Colipon,en2,2019-06-08 02:33:00,900863503,en
Manabimasu,en2,2019-06-07 12:47:00,900762010,en
Ealdgyth,en2,2019-06-07 00:41:00,900675454,en
Havsjö,en2,2019-06-06 17:48:00,900617831,en
Jbitte,en2,2019-06-06 17:26:00,900614598,en
Havsjö,en2,2019-06-06 15:43:00,900598433,en
Havsjö,en2,2019-06-06 14:10:00,900584729,en
Havsjö,en2,2019-06-06 14:09:00,900584585,en
Havsjö,en2,2019-06-06 14:06:00,900584133,en
Havsjö,en2,2019-06-06 12:44:00,900572265,en
Havsjö,en2,2019-06-06 10:41:00,900555861,en
Havsjö,en2,2019-06-06 10:39:00,900555609,en
Havsjö,en2,2019-06-06 10:38:00,900555497,en
Havsjö,en2,2019-06-06 10:27:00,900554081,en
Havsjö,en2,2019-06-06 10:21:00,900553301,en
Havsjö,en2,2019-06-06 09:41:00,900548622,en
Havsjö,en2,2019-06-05 22:05:00,900469322,en
Mdu02,en2,2019-06-05 18:47:00,900446298,en
Havsjö,en2,2019-06-05 18:07:00,900441262,en
Havsjö,en2,2019-06-05 18:05:00,900441077,en
Mularoma,en2,2019-06-05 17:31:00,900437101,en
Mularoma,en2,2019-06-05 17:27:00,900436704,en
Mularoma,en2,2019-06-05 17:25:00,900436453,en
Mularoma,en2,2019-06-05 17:19:00,900435721,en
Mularoma,en2,2019-06-05 17:17:00,900435369,en
Havsjö,en2,2019-06-05 15:51:00,900425127,en
Havsjö,en2,2019-06-05 15:46:00,900424587,en
Havsjö,en2,2019-06-05 15:39:00,900423685,en
ManuRoquette,en2,2019-06-05 15:34:00,900423123,en
ManuRoquette,en2,2019-06-05 15:31:00,900422677,en
Mularoma,en2,2019-06-05 15:05:00,900419635,en
Mularoma,en2,2019-06-05 14:57:00,900418641,en
Mularoma,en2,2019-06-05 14:52:00,900417975,en
Triggerhippie4,en2,2019-06-05 13:56:00,900410933,en
Havsjö,en2,2019-06-05 13:23:00,900406819,en
Havsjö,en2,2019-06-05 12:57:00,900403655,en
Havsjö,en2,2019-06-05 12:56:00,900403543,en
Havsjö,en2,2019-06-05 12:55:00,900403442,en
Havsjö,en2,2019-06-05 12:45:00,900402197,en
Mularoma,en2,2019-06-05 12:26:00,900400060,en
Mularoma,en2,2019-06-05 12:24:00,900399872,en
Mularoma,en2,2019-06-05 12:22:00,900399734,en
Mularoma,en2,2019-06-05 12:20:00,900399486,en
Mularoma,en2,2019-06-05 12:17:00,900399265,en
RMCD bot,Old Tom (Wal),2019-05-28 13:17:00,196286818,de
RMCD bot,Old Tom (Wal),2019-05-28 00:01:00,196286817,de
Mebden,Tales of the City,2019-06-17 21:11:00,902294269,en
Mebden,2019 Hong Kong extradition bill,2019-06-16 12:52:00,902084870,en
Mebden,Frederick Parker-Rhodes,2019-06-16 10:07:00,902070252,en
Mebden,Frederick Parker-Rhodes,2019-06-16 09:33:00,902067407,en
Mebden,Great Storm of 1987,2019-06-14 15:52:00,901836106,en
Mebden,Turtle Island (Native American folklore),2019-05-31 23:33:00,899730022,en
Mebden,Talk:Turtle Island (Native American folklore),2019-05-31 23:29:00,899729728,en
Lingzhi2,User talk:Uncle G,2019-06-17 00:10:00,902159409,en
Lingzhi2,User talk:Uncle G,2019-06-16 23:23:00,902154770,en
Lingzhi2,User talk:Uncle G,2019-06-16 23:17:00,902154163,en
Lingzhi2,User talk:Uncle G,2019-06-16 02:05:00,902033767,en
Lingzhi2,User talk:Uncle G,2019-06-16 01:55:00,902033055,en
Lingzhi2,User talk:Uncle G,2019-06-16 01:54:00,902032992,en
Lingzhi2,User talk:Uncle G,2019-06-16 01:41:00,902032025,en
Lingzhi2,Talk:Bengal famine of 1943,2019-06-15 20:47:00,902003933,en
Lingzhi2,Talk:Bengal famine of 1943,2019-06-15 20:40:00,902003332,en
Lingzhi2,Talk:Bengal famine of 1943,2019-06-15 15:13:00,901968676,en
Citobun,2019–20 Hong Kong protests,2019-06-17 07:26:00,902196062,en
Citobun,2019–20 Hong Kong protests,2019-06-17 07:25:00,902195924,en
Citobun,2019–20 Hong Kong protests,2019-06-17 06:16:00,902190474,en
Citobun,User talk:185.86.151.146,2019-06-17 04:53:00,902184770,en
Citobun,Airport Express (MTR),2019-06-17 04:30:00,902183078,en
Citobun,2019 Hong Kong extradition bill,2019-06-17 03:37:00,902178763,en
Citobun,2019–20 Hong Kong protests,2019-06-17 01:21:00,902165597,en
Colipon,Shanxi,2019-06-16 17:33:00,902117055,en
Colipon,National Development and Reform Commission,2019-06-12 19:56:00,901571238,en
Colipon,China,2019-06-09 17:25:00,901093878,en
Colipon,China,2019-06-09 17:20:00,901093249,en
Colipon,Talk:1989 Tiananmen Square protests,2019-06-09 02:12:00,901005302,en
Colipon,Talk:1989 Tiananmen Square protests,2019-06-09 02:06:00,901004761,en
Colipon,List of World Heritage Sites in Southern Asia,2019-06-08 03:13:00,900867342,en
Colipon,President of Greece,2019-06-08 02:59:00,900866235,en
Colipon,Athens,2019-06-08 02:56:00,900865896,en
Colipon,Anti-corruption campaign under Xi Jinping,2019-06-08 02:40:00,900864202,en
Manabimasu,Discussione:Età del consenso,2019-06-09 22:00:00,105555805,it
Jbitte,Tank Man,2019-06-06 17:15:00,900612995,en
Jbitte,Tank Man,2019-06-06 17:11:00,900612441,en
Jbitte,Tank Man,2019-06-06 16:39:00,900607173,en
Jbitte,Tank Man,2019-06-06 16:30:00,900605847,en
Jbitte,Tank Man,2019-06-06 16:27:00,900605321,en
Jbitte,Tank Man,2019-06-06 16:25:00,900604900,en
Jbitte,Tank Man,2019-06-06 16:22:00,900604461,en
Jbitte,Chimerica (miniseries),2019-06-06 14:41:00,900589373,en
Jbitte,Big Audio Dynamite,2019-06-06 11:51:00,900565022,en
ManuRoquette,Rotliegend,2019-06-16 21:46:00,902144733,en
ManuRoquette,Rotliegend,2019-06-16 21:45:00,902144662,en
ManuRoquette,Clyde Steamship Company,2019-06-15 14:39:00,901965081,en
ManuRoquette,Talk:1989 Tiananmen Square protests,2019-06-06 15:10:00,900593739,en
ManuRoquette,Talk:1989 Tiananmen Square protests,2019-06-06 11:04:00,900559032,en
ManuRoquette,Talk:1989 Tiananmen Square protests,2019-06-06 09:57:00,900550546,en
ManuRoquette,Talk:1989 Tiananmen Square protests,2019-06-06 09:11:00,900544606,en
ManuRoquette,Talk:1989 Tiananmen Square protests,2019-06-06 09:06:00,900544080,en
Triggerhippie4,Trump Heights,2019-06-16 21:13:00,902141213,en
Triggerhippie4,Madame X (album),2019-06-13 23:19:00,901738488,en
Triggerhippie4,May 2019 Gulf of Oman incident,2019-06-13 14:50:00,901679525,en
Triggerhippie4,Portal:Current events/2019 June 13,2019-06-13 14:26:00,901676499,en
Triggerhippie4,Talk:May 2019 Gulf of Oman incident,2019-06-13 14:23:00,901676105,en
Triggerhippie4,May 2019 Gulf of Oman incident,2019-06-13 14:23:00,901676100,en
Triggerhippie4,June 2019 Gulf of Oman incident,2019-06-13 14:22:00,901675989,en
BabelStone,en3,2020-06-13 23:44:00,962421341,en
BabelStone,en3,2020-06-13 23:23:00,962418924,en
OAbot,en3,2020-06-13 20:56:00,962401435,en
Mike Mounier,en3,2020-06-07 09:41:00,961231837,en
Mike Mounier,en3,2020-06-07 09:38:00,961231382,en
Foghe,en3,2020-06-06 22:10:00,961153587,en
Pythagimedes,en3,2020-06-06 02:16:00,960995285,en
Weaveravel,en3,2020-06-06 01:11:00,960988222,en
Wiki nol ege,en3,2020-06-05 20:58:00,960956000,en
Chrism,en3,2020-06-04 13:38:00,960709546,en
Jordanopia,en3,2020-06-04 06:30:00,960664751,en
CaradhrasAiguo,en3,2020-06-04 04:11:00,960651266,en
Overseer19XX,en3,2020-06-04 01:49:00,960635381,en
CentreLeftRight,en3,2020-06-03 23:36:00,960619050,en
CentreLeftRight,en3,2020-06-03 23:24:00,960617550,en
Levonscott,en3,2020-05-30 15:48:00,959779720,en
FrescoBot,en3,2020-05-28 00:26:00,959279940,en
Amigao,en3,2020-05-25 23:39:00,958837555,en
Headbomb,en3,2020-05-25 01:07:00,958655470,en
Headbomb,en3,2020-05-25 01:06:00,958655291,en
Headbomb,en3,2020-05-25 00:59:00,958654328,en
Headbomb,en3,2020-05-25 00:58:00,958654209,en
Headbomb,en3,2020-05-25 00:57:00,958654130,en
Citation bot,en3,2020-05-23 23:29:00,958465353,en
BabelStone,Orthographic ligature,2020-06-15 13:28:00,962688473,en
BabelStone,Talk:Khitan large script,2020-06-08 00:41:00,961356721,en
BabelStone,User:Aprilian Reyvan123/sandbox,2020-06-02 10:12:00,960328687,en
BabelStone,User talk:Aprilian Reyvan123,2020-06-02 10:11:00,960328498,en
BabelStone,Lycian alphabet,2020-06-02 09:58:00,960327035,en
BabelStone,Lycian (Unicode block),2020-06-02 09:58:00,960326991,en
OAbot,Mezenia,2020-06-14 07:30:00,962469919,en
OAbot,Matrix factorization (recommender systems),2020-06-14 07:29:00,962469899,en
OAbot,Corruption in Nigeria,2020-06-14 07:29:00,962469885,en
OAbot,Guida Moseley Brown Architects,2020-06-14 07:29:00,962469870,en
OAbot,Kiga people,2020-06-14 07:29:00,962469851,en
OAbot,Ultimate tensile strength,2020-06-14 07:28:00,962469820,en
OAbot,Project NIMROD,2020-06-14 07:28:00,962469798,en
OAbot,Maurice H. Rees,2020-06-14 07:28:00,962469788,en
OAbot,DARPA Network Challenge,2020-06-14 07:28:00,962469770,en
OAbot,Convergent evolution,2020-06-14 07:28:00,962469753,en
OAbot,Endeavouria septemlineata,2020-06-14 06:24:00,201475092,de
OAbot,Benzamidin,2020-06-14 06:22:00,201395037,de
Foghe,Aula Paolo VI,2020-06-16 17:55:00,113728363,it
Foghe,Episodi di Don Matteo (dodicesima stagione),2020-06-12 11:04:00,113634796,it
Foghe,Cicerone denuncia Catilina,2020-06-04 21:14:00,113469065,it
Foghe,Wikipedia:Pagine da cancellare/Epidemic (gruppo musicale),2020-05-29 00:58:00,113323440,it
Foghe,Wikipedia:Pagine da cancellare/Epidemic (gruppo musicale),2020-05-29 00:58:00,113323435,it
Foghe,Wikipedia:Pagine da cancellare/Life: obiettivo benessere,2020-05-29 00:56:00,113323411,it
Pythagimedes,Talk:Antipsychotic,2020-06-14 06:53:00,962466283,en
Pythagimedes,Talk:Antipsychotic,2020-06-14 01:28:00,962433338,en
Pythagimedes,Antipsychotic,2020-06-14 01:05:00,962430881,en
Pythagimedes,Marriage,2020-05-30 01:35:00,959680803,en
Pythagimedes,Petticoat,2020-05-29 23:05:00,959661082,en
Pythagimedes,Talk:Abeyance,2020-05-26 17:24:00,958995317,en
Pythagimedes,National People's Congress decision on Hong Kong national security legislation,2020-05-25 16:15:00,958764700,en
Pythagimedes,Wikipedia talk:WikiProject Numbers,2020-05-25 00:56:00,958654002,en
Weaveravel,Afghanistan,2020-06-16 22:55:00,201044476,de
Weaveravel,Afghanistan,2020-06-16 22:53:00,201044423,de
Weaveravel,Afghanistan,2020-06-16 22:44:00,201044184,de
Weaveravel,Afghanistan,2020-06-16 22:42:00,201044143,de
Weaveravel,Afghanistan,2020-06-16 22:41:00,201044099,de
Weaveravel,Afganistán,2020-06-16 21:15:00,126994515,es
Weaveravel,Afganistán,2020-06-16 21:10:00,126994404,es
Weaveravel,Afganistán,2020-06-16 21:09:00,126994371,es
Weaveravel,Afghanistan,2020-06-16 23:06:00,113733204,it
Weaveravel,Afghanistan,2020-06-16 23:05:00,113733179,it
Weaveravel,Afghanistan,2020-06-16 23:03:00,113733156,it
Wiki nol ege,Grenfell Tower,2020-06-14 06:49:00,962465846,en
Wiki nol ege,Melonpan,2020-06-14 02:23:00,962439171,en
Wiki nol ege,Legends Never Die (Against the Current song),2020-06-13 02:01:00,962267097,en
Wiki nol ege,1955 Le Mans disaster,2020-06-11 01:34:00,961906104,en
Wiki nol ege,Template:Culinary herbs and spices,2020-06-10 22:56:00,961885736,en
Wiki nol ege,Green laver,2020-06-10 22:54:00,961885543,en
Wiki nol ege,Murtabak,2020-06-05 22:58:00,960971927,en
Wiki nol ege,Meatloaf,2020-06-05 22:05:00,960965159,en
Wiki nol ege,Goddess of Democracy,2020-06-05 21:18:00,960958807,en
Chrism,Ludgate Hill (London),2020-05-30 23:08:00,202418043,de
Jordanopia,Thai National Anthem,2020-06-16 09:50:00,962845933,en
Jordanopia,Malaysian Chinese,2020-06-11 08:02:00,961949579,en
Jordanopia,Malaysian Chinese,2020-06-11 08:00:00,961949391,en
Jordanopia,Isnaraissah Munirah Majilis,2020-06-10 06:30:00,961751997,en
Jordanopia,Language secessionism,2020-06-08 08:10:00,961403728,en
Jordanopia,Tibet (1912–1951),2020-06-05 07:58:00,960853743,en
Jordanopia,Nanyang (region),2020-06-04 12:38:00,960702466,en
Jordanopia,Tan Lark Sye,2020-06-04 12:37:00,960702321,en
Jordanopia,Help:IPA/Tibetan,2020-06-04 05:37:00,960659349,en
CaradhrasAiguo,Chengdu,2020-06-17 22:59:00,963117372,en
CaradhrasAiguo,Talk:COVID-19 pandemic,2020-06-17 22:20:00,963113263,en
CaradhrasAiguo,User talk:14.169.133.31,2020-06-17 17:08:00,963070655,en
CaradhrasAiguo,Republic of China (1912–1949),2020-06-17 17:08:00,963070634,en
Overseer19XX,International Crisis Group,2020-06-06 15:47:00,961096803,en
Overseer19XX,Talk:Margaret Sanger,2020-05-25 14:25:00,958747604,en
Overseer19XX,Margaret Sanger,2020-05-25 14:23:00,958747315,en
Overseer19XX,Margaret Sanger,2020-05-25 13:58:00,958743801,en
CentreLeftRight,New National Party (Grenada),2020-06-17 08:14:00,963010686,en
CentreLeftRight,2019–20 Hong Kong protests,2020-06-17 08:08:00,963009603,en
CentreLeftRight,James McAvoy,2020-06-16 19:19:00,962920296,en
CentreLeftRight,Parti révolutionnaire du peuple mongol (2010),2020-05-26 05:28:00,171306967,fr
CentreLeftRight,National Democratic Congress (Grenada),2020-06-16 21:15:00,201330981,de
CentreLeftRight,Partido Revolucionario del Pueblo de Mongolia (2010),2020-05-26 03:27:00,126392024,es
CentreLeftRight,モンゴル人民革命党 (2010-),2020-05-26 03:29:00,77721423,ja
CentreLeftRight,Partito Rivoluzionario del Popolo Mongolo (2010),2020-05-26 05:29:00,113253996,it
CentreLeftRight,五花茶,2020-06-10 20:45:00,60045030,zh
CentreLeftRight,简自豪,2020-06-03 19:16:00,59944554,zh
CentreLeftRight,蒙古人民革命党 (2011年),2020-05-26 03:29:00,59816037,zh
FrescoBot,Robert Smith Vance,2020-06-13 10:27:00,962319048,en
FrescoBot,"4th Brigade Combat Team (Airborne), 25th Infantry Division",2020-06-13 10:18:00,962318170,en
FrescoBot,Sweetbox discography,2020-06-13 10:18:00,962318166,en
FrescoBot,Wildlife Alliance,2020-06-13 10:18:00,962318162,en
FrescoBot,Nicaragua–South Ossetia relations,2020-06-13 10:18:00,962318157,en
FrescoBot,Tom C. Clark,2020-06-13 10:18:00,962318152,en
FrescoBot,Australosomus,2020-06-13 10:18:00,962318149,en
FrescoBot,Jacobulus,2020-06-13 10:16:00,962318046,en
FrescoBot,Lehmanotus,2020-06-13 10:16:00,962318041,en
FrescoBot,Watsonulus,2020-06-13 10:16:00,962318032,en
FrescoBot,Municipality (Indien),2020-06-11 22:27:00,203005666,de
FrescoBot,Giuseppe Grippa,2020-06-03 22:30:00,201478211,de
FrescoBot,Giovanni d’Anagni,2020-06-03 22:30:00,201478245,de
FrescoBot,Giuseppe Frola,2020-06-03 22:21:00,201721553,de
FrescoBot,Vincenzo Sacco,2020-06-03 22:19:00,201897076,de
FrescoBot,Augusto Gaudenzi,2020-05-27 08:45:00,201250550,de
FrescoBot,Meritxell Inaraja Genís,2020-06-10 05:28:00,126814384,es
FrescoBot,Refinería Francisco I. Madero,2020-06-10 05:23:00,126814323,es
FrescoBot,Philippe Panerai,2020-06-10 05:23:00,126814318,es
FrescoBot,Auquipincush,2020-06-10 05:23:00,126814312,es
FrescoBot,Anyone For Tennis,2020-06-10 05:23:00,126814310,es
FrescoBot,Alexander Held,2020-06-09 09:22:00,126789902,es
FrescoBot,Combinada nórdica en los Juegos Olímpicos,2020-06-08 09:53:00,126762959,es
FrescoBot,Ramal ferroviario Empalme Matilde-Garibaldi,2020-06-08 09:49:00,126762923,es
FrescoBot,José Luis Tafur,2020-06-08 09:48:00,126762912,es
FrescoBot,Marquise Brown,2020-06-08 09:48:00,126762909,es
FrescoBot,The Ocean Hunter,2020-06-13 12:24:00,113660527,it
FrescoBot,Award of the Japanese Academy al miglior film,2020-06-13 12:12:00,113660280,it
FrescoBot,Akbar II,2020-06-13 12:10:00,113660247,it
FrescoBot,Valeria (serie televisiva),2020-06-13 11:47:00,113659710,it
FrescoBot,Ali Wong,2020-06-13 11:47:00,113659709,it
FrescoBot,Monese,2020-06-13 11:47:00,113659706,it
FrescoBot,Rebecca velata,2020-06-13 11:47:00,113659704,it
FrescoBot,Chianca Amara,2020-06-13 11:46:00,113659698,it
FrescoBot,Rubens Tedeschi,2020-06-13 11:46:00,113659696,it
FrescoBot,Palazzo Ostein,2020-06-13 11:46:00,113659695,it
Headbomb,Hinokitiol,2020-05-22 21:35:00,200919253,de
Headbomb,Hinokitiol,2020-05-22 21:34:00,200919252,de
Headbomb,Hinokitiol,2020-05-22 21:27:00,200919251,de
Citation bot,Hedbergia,2020-06-08 00:27:00,961355285,en
Citation bot,Greensboro sit-ins,2020-06-08 00:27:00,961355282,en
Citation bot,Health in Tonga,2020-06-08 00:27:00,961355258,en
Citation bot,Greenish warbler,2020-06-08 00:27:00,961355233,en
Citation bot,Greenhouse gas,2020-06-08 00:26:00,961355205,en
Citation bot,Harriet T. Righter,2020-06-08 00:26:00,961355086,en
Citation bot,Harold F. Mayfield,2020-06-08 00:25:00,961355066,en
Citation bot,HMS Loyalist (1779),2020-06-08 00:24:00,961354893,en
Citation bot,Gwyneddichnium,2020-06-08 00:22:00,961354707,en
Citation bot,Griot,2020-06-08 00:21:00,961354600,en
Citation bot,Benutzer:JustRudiThings/Fremdlemma,2020-06-06 19:43:00,201882268,de
Citation bot,Burnside-Problem,2020-06-05 11:20:00,201642136,de
Citation bot,Benutzer:ManuBu/Jian dui,2020-05-31 23:55:00,202375524,de
Citation bot,Hinokitiol,2020-05-22 19:33:00,200919250,de
Havsjö,Agustín Muñoz Grandes,2020-06-17 05:46:00,962996079,en
Havsjö,Second Battle of El Alamein,2020-06-16 08:33:00,962837014,en
Havsjö,Second Battle of El Alamein,2020-06-16 08:32:00,962836845,en
Havsjö,Second Battle of El Alamein,2020-06-16 08:31:00,962836757,en
Havsjö,Tunisian campaign,2020-06-16 08:24:00,962835700,en
OlliverWithDoubleL,Put option,2020-06-17 04:24:00,962988942,en
OlliverWithDoubleL,Navier–Stokes equations,2020-06-17 02:15:00,962977049,en
OlliverWithDoubleL,Transpose,2020-06-14 23:29:00,962591085,en
OlliverWithDoubleL,Transpose,2020-06-14 22:57:00,962587536,en
OlliverWithDoubleL,Transpose,2020-06-14 22:51:00,962586917,en
SCreditC,陈惺,2020-06-11 18:31:00,60058931,zh
Kaltenmeyer,List of defunct consumer brands,2020-06-17 21:57:00,963110608,en
Kaltenmeyer,List of awards and nominations received by Adam Driver,2020-06-17 02:36:00,962978991,en
Kaltenmeyer,List of films considered the worst,2020-06-17 02:29:00,962978343,en
Kaltenmeyer,Tom Donahue (filmmaker),2020-06-17 02:26:00,962978054,en
Kaltenmeyer,List of awards and nominations received by Alfonso Cuarón,2020-06-17 02:24:00,962977932,en
Kaltenmeyer,Motion Picture & Television Country House and Hospital,2020-06-17 02:22:00,962977705,en
Kaltenmeyer,Austin Powers in Goldmember,2020-06-17 02:17:00,962977246,en
Kaltenmeyer,Can You Ever Forgive Me?,2020-06-17 02:16:00,962977201,en
2a02:8388:6501:f00:2404:36e9:4232:be81,Xinjiang re-education camps,2020-06-09 12:12:00,961604045,en
2a02:8388:6501:f00:2404:36e9:4232:be81,Xinjiang re-education camps,2020-06-09 12:11:00,961603979,en
2a02:8388:6501:f00:2404:36e9:4232:be81,Xinjiang re-education camps,2020-06-09 12:11:00,961603896,en
2a02:8388:6501:f00:2404:36e9:4232:be81,Xinjiang re-education camps,2020-06-09 12:08:00,961603604,en
2a02:8388:6501:f00:2404:36e9:4232:be81,Xinjiang re-education camps,2020-06-09 12:04:00,961603121,en
2a02:8388:6501:f00:2404:36e9:4232:be81,China Cables,2020-06-09 12:02:00,961602831,en
203.54.226.146,Karen (pejorative),2020-06-04 01:48:00,960635196,en
